{"last_updated":1720479593,"ttl":60,"version":"2.3","data":{"stations":[{"station_id":"DER:Station:5a530bb20d1dff00063bd779","num_bikes_available":1,"vehicle_types_available":[{"vehicle_type_id":"DER:VehicleType:vw_id3","count":1}],"is_installed":true,"is_renting":true,"is_returning":true,"last_reported":1720479593},{"station_id":"DER:Station:5a966f70af71190006b85c83","num_bikes_available":1,"vehicle_types_available":[{"vehicle_type_id":"DER:VehicleType:vw_id3","count":1}],"is_installed":true,"is_renting":true,"is_returning":true,"last_reported":1720479593},{"station_id":"DER:Station:5a967008af71190006b85c9b","num_bikes_available":1,"vehicle_types_available":[{"vehicle_type_id":"DER:VehicleType:vw_id3","count":1}],"is_installed":true,"is_renting":true,"is_returning":true,"last_reported":1720479593},{"station_id":"DER:Station:5aaa26142727580006abc700","num_bikes_available":1,"vehicle_types_available":[{"vehicle_type_id":"DER:VehicleType:vw_eup","count":1},{"vehicle_type_id":"DER:VehicleType:vw_id3","count":0},{"vehicle_type_id":"DER:VehicleType:vw_id3_pro_s","count":0}],"is_installed":true,"is_renting":true,"is_returning":true,"last_reported":1720479593},{"station_id":"DER:Station:5aaa26c82727580006abc71b","num_bikes_available":1,"vehicle_types_available":[{"vehicle_type_id":"DER:VehicleType:vw_id3","count":1}],"is_installed":true,"is_renting":true,"is_returning":true,"last_reported":1720479593},{"station_id":"DER:Station:5aaa28672727580006abc766","num_bikes_available":1,"vehicle_types_available":[{"vehicle_type_id":"DER:VehicleType:vw_id4","count":1}],"is_installed":true,"is_renting":true,"is_returning":true,"last_reported":1720479593},{"station_id":"DER:Station:5aaa29da2727580006abc798","num_bikes_available":2,"vehicle_types_available":[{"vehicle_type_id":"DER:VehicleType:vw_id3","count":2}],"is_installed":true,"is_renting":true,"is_returning":true,"last_reported":1720479593},{"station_id":"DER:Station:5aaf598a219070000690dfd1","num_bikes_available":1,"vehicle_types_available":[{"vehicle_type_id":"DER:VehicleType:vw_id3","count":1}],"is_installed":true,"is_renting":true,"is_returning":true,"last_reported":1720479593},{"station_id":"DER:Station:5abb49420fb20500063c4eb3","num_bikes_available":2,"vehicle_types_available":[{"vehicle_type_id":"DER:VehicleType:vw_id3","count":2}],"is_installed":true,"is_renting":true,"is_returning":true,"last_reported":1720479593},{"station_id":"DER:Station:5abb4a330fb20500063c4ed6","num_bikes_available":1,"vehicle_types_available":[{"vehicle_type_id":"DER:VehicleType:vw_id3","count":1}],"is_installed":true,"is_renting":true,"is_returning":true,"last_reported":1720479593},{"station_id":"DER:Station:5afe7a9a3e095b0006cd51a6","num_bikes_available":1,"vehicle_types_available":[{"vehicle_type_id":"DER:VehicleType:seat_cupra_born","count":1}],"is_installed":true,"is_renting":true,"is_returning":true,"last_reported":1720479593},{"station_id":"DER:Station:5b45ffef39fe520005b69c35","num_bikes_available":0,"vehicle_types_available":[],"is_installed":true,"is_renting":true,"is_returning":true,"last_reported":1720479593},{"station_id":"DER:Station:5b517c8a0ab1020005cf1c55","num_bikes_available":1,"vehicle_types_available":[{"vehicle_type_id":"DER:VehicleType:vw_id3","count":1}],"is_installed":true,"is_renting":true,"is_returning":true,"last_reported":1720479593},{"station_id":"DER:Station:5b61d2701be0e3000551e51c","num_bikes_available":0,"vehicle_types_available":[],"is_installed":true,"is_renting":true,"is_returning":true,"last_reported":1720479593},{"station_id":"DER:Station:5b6d744347ac7d0005f5c5c9","num_bikes_available":1,"vehicle_types_available":[{"vehicle_type_id":"DER:VehicleType:vw_id3_pro_107kw","count":1},{"vehicle_type_id":"DER:VehicleType:vw_id3_pro","count":0}],"is_installed":true,"is_renting":true,"is_returning":true,"last_reported":1720479593},{"station_id":"DER:Station:5b9a24c258ffda0005483a03","num_bikes_available":1,"vehicle_types_available":[{"vehicle_type_id":"DER:VehicleType:vw_id3","count":1}],"is_installed":true,"is_renting":true,"is_returning":true,"last_reported":1720479593},{"station_id":"DER:Station:5ba39ea9e16d68000549f334","num_bikes_available":0,"vehicle_types_available":[],"is_installed":true,"is_renting":true,"is_returning":true,"last_reported":1720479593},{"station_id":"DER:Station:5bc4857af6e87e000598d4f7","num_bikes_available":1,"vehicle_types_available":[{"vehicle_type_id":"DER:VehicleType:vw_id3","count":1}],"is_installed":true,"is_renting":true,"is_returning":true,"last_reported":1720479593},{"station_id":"DER:Station:5bc581c42c8d0f0005cc911b","num_bikes_available":1,"vehicle_types_available":[{"vehicle_type_id":"DER:VehicleType:vw_id3","count":1}],"is_installed":true,"is_renting":true,"is_returning":true,"last_reported":1720479593},{"station_id":"DER:Station:5bd2e8e5180ce400059ecd55","num_bikes_available":2,"vehicle_types_available":[{"vehicle_type_id":"DER:VehicleType:vw_id3","count":2}],"is_installed":true,"is_renting":true,"is_returning":true,"last_reported":1720479593},{"station_id":"DER:Station:5bffcc000708ea00053245a8","num_bikes_available":1,"vehicle_types_available":[{"vehicle_type_id":"DER:VehicleType:seat_cupra_born_150kw","count":1}],"is_installed":true,"is_renting":true,"is_returning":true,"last_reported":1720479593},{"station_id":"DER:Station:5c0e48cd92e6c10005d80dd4","num_bikes_available":0,"vehicle_types_available":[],"is_installed":true,"is_renting":true,"is_returning":true,"last_reported":1720479593},{"station_id":"DER:Station:5c0f68f292e6c10005d8a030","num_bikes_available":1,"vehicle_types_available":[{"vehicle_type_id":"DER:VehicleType:vw_id3","count":1}],"is_installed":true,"is_renting":true,"is_returning":true,"last_reported":1720479593},{"station_id":"DER:Station:5c0f695192e6c10005d8a037","num_bikes_available":1,"vehicle_types_available":[{"vehicle_type_id":"DER:VehicleType:seat_cupra_born","count":1}],"is_installed":true,"is_renting":true,"is_returning":true,"last_reported":1720479593},{"station_id":"DER:Station:5c3dea96dffb310005f46ef7","num_bikes_available":2,"vehicle_types_available":[{"vehicle_type_id":"DER:VehicleType:vw_id3","count":2}],"is_installed":true,"is_renting":true,"is_returning":true,"last_reported":1720479593},{"station_id":"DER:Station:5c7941381cee250005cca24d","num_bikes_available":0,"vehicle_types_available":[],"is_installed":true,"is_renting":true,"is_returning":true,"last_reported":1720479593},{"station_id":"DER:Station:5c8645bccc42e80005e0e6ba","num_bikes_available":1,"vehicle_types_available":[{"vehicle_type_id":"DER:VehicleType:vw_id3_pro_s","count":1}],"is_installed":true,"is_renting":true,"is_returning":true,"last_reported":1720479593},{"station_id":"DER:Station:5c8a4b09ab6c850005130e66","num_bikes_available":3,"vehicle_types_available":[{"vehicle_type_id":"DER:VehicleType:vw_id3","count":1},{"vehicle_type_id":"DER:VehicleType:seat_cupra_born_150kw","count":1},{"vehicle_type_id":"DER:VehicleType:vw_id3_pro_s","count":1}],"is_installed":true,"is_renting":true,"is_returning":true,"last_reported":1720479593},{"station_id":"DER:Station:5ca44890568e0300055c6365","num_bikes_available":0,"vehicle_types_available":[],"is_installed":true,"is_renting":true,"is_returning":true,"last_reported":1720479593},{"station_id":"DER:Station:5cab398e1130e600051de753","num_bikes_available":2,"vehicle_types_available":[{"vehicle_type_id":"DER:VehicleType:vw_eup","count":1},{"vehicle_type_id":"DER:VehicleType:vw_id3_pro_107kw","count":1}],"is_installed":true,"is_renting":true,"is_returning":true,"last_reported":1720479593},{"station_id":"DER:Station:5cb73c5c9b2393000540dc70","num_bikes_available":0,"vehicle_types_available":[{"vehicle_type_id":"DER:VehicleType:vw_id3","count":0}],"is_installed":true,"is_renting":true,"is_returning":true,"last_reported":1720479593},{"station_id":"DER:Station:5cf544e313e5040005ed58a4","num_bikes_available":2,"vehicle_types_available":[{"vehicle_type_id":"DER:VehicleType:vw_id3_pro_107kw","count":1},{"vehicle_type_id":"DER:VehicleType:vw_id3","count":1}],"is_installed":true,"is_renting":true,"is_returning":true,"last_reported":1720479593},{"station_id":"DER:Station:5d35c63916c3110005af2ece","num_bikes_available":0,"vehicle_types_available":[],"is_installed":true,"is_renting":true,"is_returning":true,"last_reported":1720479593},{"station_id":"DER:Station:5d36c8054d21ea0005c07b2f","num_bikes_available":1,"vehicle_types_available":[{"vehicle_type_id":"DER:VehicleType:vw_id3_pro_150kw","count":1}],"is_installed":true,"is_renting":true,"is_returning":true,"last_reported":1720479593},{"station_id":"DER:Station:5d515c1ed219c0000623f056","num_bikes_available":1,"vehicle_types_available":[{"vehicle_type_id":"DER:VehicleType:vw_id3","count":1}],"is_installed":true,"is_renting":true,"is_returning":true,"last_reported":1720479593},{"station_id":"DER:Station:5d6e72cb89dcc80006fdd518","num_bikes_available":1,"vehicle_types_available":[{"vehicle_type_id":"DER:VehicleType:vw_id3","count":1}],"is_installed":true,"is_renting":true,"is_returning":true,"last_reported":1720479593},{"station_id":"DER:Station:5d6f959e89dcc80006fde771","num_bikes_available":2,"vehicle_types_available":[{"vehicle_type_id":"DER:VehicleType:vw_id3","count":1},{"vehicle_type_id":"DER:VehicleType:vw_id3_pro_s","count":1}],"is_installed":true,"is_renting":true,"is_returning":true,"last_reported":1720479593},{"station_id":"DER:Station:5d6f97db89dcc80006fde7a5","num_bikes_available":1,"vehicle_types_available":[{"vehicle_type_id":"DER:VehicleType:vw_id3_pro_107kw","count":1}],"is_installed":true,"is_renting":true,"is_returning":true,"last_reported":1720479593},{"station_id":"DER:Station:5d920a3428b37d0006b5aa41","num_bikes_available":0,"vehicle_types_available":[],"is_installed":true,"is_renting":true,"is_returning":true,"last_reported":1720479593},{"station_id":"DER:Station:5dc98f10a0919dbeda392171","num_bikes_available":0,"vehicle_types_available":[],"is_installed":true,"is_renting":true,"is_returning":true,"last_reported":1720479593},{"station_id":"DER:Station:5de61d970a4e433a2eba2a95","num_bikes_available":1,"vehicle_types_available":[{"vehicle_type_id":"DER:VehicleType:seat_cupra_born","count":1}],"is_installed":true,"is_renting":true,"is_returning":true,"last_reported":1720479593},{"station_id":"DER:Station:5df229e95ec28696a3a0db62","num_bikes_available":2,"vehicle_types_available":[{"vehicle_type_id":"DER:VehicleType:vw_id3_pro_107kw","count":1},{"vehicle_type_id":"DER:VehicleType:vw_id3","count":1}],"is_installed":true,"is_renting":true,"is_returning":true,"last_reported":1720479593},{"station_id":"DER:Station:5df9dffd5ec2868148a16d6d","num_bikes_available":1,"vehicle_types_available":[{"vehicle_type_id":"DER:VehicleType:vw_egolf","count":1}],"is_installed":true,"is_renting":true,"is_returning":true,"last_reported":1720479593},{"station_id":"DER:Station:5e0e0576af362662f4d60a92","num_bikes_available":0,"vehicle_types_available":[{"vehicle_type_id":"DER:VehicleType:seat_cupra_born_150kw","count":0}],"is_installed":true,"is_renting":true,"is_returning":true,"last_reported":1720479593},{"station_id":"DER:Station:5e16de792e2d59dff528d034","num_bikes_available":0,"vehicle_types_available":[],"is_installed":true,"is_renting":true,"is_returning":true,"last_reported":1720479593},{"station_id":"DER:Station:5e28407f3c3413000c68ad14","num_bikes_available":1,"vehicle_types_available":[{"vehicle_type_id":"DER:VehicleType:vw_id3_pro_107kw","count":1}],"is_installed":true,"is_renting":true,"is_returning":true,"last_reported":1720479593},{"station_id":"DER:Station:5e96a38e333edf00073e5812","num_bikes_available":3,"vehicle_types_available":[{"vehicle_type_id":"DER:VehicleType:vw_id3","count":1},{"vehicle_type_id":"DER:VehicleType:seat_cupra_born","count":2}],"is_installed":true,"is_renting":true,"is_returning":true,"last_reported":1720479593},{"station_id":"DER:Station:5ee731dbe353ea18fb362f9a","num_bikes_available":0,"vehicle_types_available":[],"is_installed":true,"is_renting":true,"is_returning":true,"last_reported":1720479593},{"station_id":"DER:Station:5ee733e8aa5a1932797d14eb","num_bikes_available":1,"vehicle_types_available":[{"vehicle_type_id":"DER:VehicleType:vw_id3","count":1}],"is_installed":true,"is_renting":true,"is_returning":true,"last_reported":1720479593},{"station_id":"DER:Station:5ee735a4e353ea08b7362fe1","num_bikes_available":1,"vehicle_types_available":[{"vehicle_type_id":"DER:VehicleType:vw_id3_pro_107kw","count":1}],"is_installed":true,"is_renting":true,"is_returning":true,"last_reported":1720479593},{"station_id":"DER:Station:5eeb5a9ee353ea512f367cb0","num_bikes_available":1,"vehicle_types_available":[{"vehicle_type_id":"DER:VehicleType:vw_id3","count":1}],"is_installed":true,"is_renting":true,"is_returning":true,"last_reported":1720479593},{"station_id":"DER:Station:5ef443db0e76d27bdc274f32","num_bikes_available":0,"vehicle_types_available":[],"is_installed":true,"is_renting":true,"is_returning":true,"last_reported":1720479593},{"station_id":"DER:Station:5f058864867667371609d665","num_bikes_available":1,"vehicle_types_available":[{"vehicle_type_id":"DER:VehicleType:vw_id3","count":1}],"is_installed":true,"is_renting":true,"is_returning":true,"last_reported":1720479593},{"station_id":"DER:Station:5f0588a58676674e1509d66a","num_bikes_available":2,"vehicle_types_available":[{"vehicle_type_id":"DER:VehicleType:seat_cupra_born","count":1},{"vehicle_type_id":"DER:VehicleType:vw_id3_pro_s","count":1}],"is_installed":true,"is_renting":true,"is_returning":true,"last_reported":1720479593},{"station_id":"DER:Station:5f1fc8ff8dc3e61dd369edd6","num_bikes_available":1,"vehicle_types_available":[{"vehicle_type_id":"DER:VehicleType:vw_id3","count":1}],"is_installed":true,"is_renting":true,"is_returning":true,"last_reported":1720479593},{"station_id":"DER:Station:5f4e3d0ecd307f7a7fbe1357","num_bikes_available":5,"vehicle_types_available":[{"vehicle_type_id":"DER:VehicleType:vw_id3","count":4},{"vehicle_type_id":"DER:VehicleType:seat_cupra_born","count":1}],"is_installed":true,"is_renting":true,"is_returning":true,"last_reported":1720479593},{"station_id":"DER:Station:5fd0d9438475d35743b2427d","num_bikes_available":0,"vehicle_types_available":[],"is_installed":true,"is_renting":true,"is_returning":true,"last_reported":1720479593},{"station_id":"DER:Station:60254bfb4f938e7acffea35e","num_bikes_available":0,"vehicle_types_available":[],"is_installed":true,"is_renting":true,"is_returning":true,"last_reported":1720479593},{"station_id":"DER:Station:602553cc67fffe6029a44c4d","num_bikes_available":1,"vehicle_types_available":[{"vehicle_type_id":"DER:VehicleType:vw_id3","count":1}],"is_installed":true,"is_renting":true,"is_returning":true,"last_reported":1720479593},{"station_id":"DER:Station:604f0f02d2325e44ceac3c49","num_bikes_available":1,"vehicle_types_available":[{"vehicle_type_id":"DER:VehicleType:vw_id3","count":1}],"is_installed":true,"is_renting":true,"is_returning":true,"last_reported":1720479593},{"station_id":"DER:Station:604f0fd344d15d8f77f7d4a3","num_bikes_available":0,"vehicle_types_available":[],"is_installed":true,"is_renting":true,"is_returning":true,"last_reported":1720479593},{"station_id":"DER:Station:60506b6fd2325e59e9ac4e5d","num_bikes_available":1,"vehicle_types_available":[{"vehicle_type_id":"DER:VehicleType:vw_id3","count":1},{"vehicle_type_id":"DER:VehicleType:vw_id3_pro_s","count":0}],"is_installed":true,"is_renting":true,"is_returning":true,"last_reported":1720479593},{"station_id":"DER:Station:607565bc515cad02895e7582","num_bikes_available":1,"vehicle_types_available":[{"vehicle_type_id":"DER:VehicleType:vw_id3_pro_107kw","count":1}],"is_installed":true,"is_renting":true,"is_returning":true,"last_reported":1720479593},{"station_id":"DER:Station:6087ed5627683d969b65b4de","num_bikes_available":2,"vehicle_types_available":[{"vehicle_type_id":"DER:VehicleType:vw_id3","count":1},{"vehicle_type_id":"DER:VehicleType:vw_id3_pro_107kw","count":1}],"is_installed":true,"is_renting":true,"is_returning":true,"last_reported":1720479593},{"station_id":"DER:Station:6087ee2827683d1aee65b4fc","num_bikes_available":1,"vehicle_types_available":[{"vehicle_type_id":"DER:VehicleType:vw_id3","count":1}],"is_installed":true,"is_renting":true,"is_returning":true,"last_reported":1720479593},{"station_id":"DER:Station:6087ee8c27683df20165b4ff","num_bikes_available":1,"vehicle_types_available":[{"vehicle_type_id":"DER:VehicleType:vw_id3","count":1}],"is_installed":true,"is_renting":true,"is_returning":true,"last_reported":1720479593},{"station_id":"DER:Station:608b1a10d47e75498ee3a1b9","num_bikes_available":2,"vehicle_types_available":[{"vehicle_type_id":"DER:VehicleType:vw_id3_pro_107kw","count":1},{"vehicle_type_id":"DER:VehicleType:vw_id3","count":1}],"is_installed":true,"is_renting":true,"is_returning":true,"last_reported":1720479593},{"station_id":"DER:Station:609e410787a612b170aea60e","num_bikes_available":0,"vehicle_types_available":[],"is_installed":true,"is_renting":true,"is_returning":true,"last_reported":1720479593},{"station_id":"DER:Station:60bf05aa97d5619616fe3ce4","num_bikes_available":0,"vehicle_types_available":[],"is_installed":true,"is_renting":true,"is_returning":true,"last_reported":1720479593},{"station_id":"DER:Station:60c09b307a2fb74b84bcf76a","num_bikes_available":1,"vehicle_types_available":[{"vehicle_type_id":"DER:VehicleType:vw_id3","count":1}],"is_installed":true,"is_renting":true,"is_returning":true,"last_reported":1720479593},{"station_id":"DER:Station:60f55d28a2cddd8297f1b8e9","num_bikes_available":1,"vehicle_types_available":[{"vehicle_type_id":"DER:VehicleType:seat_cupra_born","count":1}],"is_installed":true,"is_renting":true,"is_returning":true,"last_reported":1720479593},{"station_id":"DER:Station:610279be63acaeeba51761a1","num_bikes_available":0,"vehicle_types_available":[],"is_installed":true,"is_renting":true,"is_returning":true,"last_reported":1720479593},{"station_id":"DER:Station:6109223b63acae48b617e313","num_bikes_available":1,"vehicle_types_available":[{"vehicle_type_id":"DER:VehicleType:vw_id3","count":1}],"is_installed":true,"is_renting":true,"is_returning":true,"last_reported":1720479593},{"station_id":"DER:Station:6112839ebc08e2918e4b5a83","num_bikes_available":1,"vehicle_types_available":[{"vehicle_type_id":"DER:VehicleType:vw_id4","count":1}],"is_installed":true,"is_renting":true,"is_returning":true,"last_reported":1720479593},{"station_id":"DER:Station:612613543a3ed01401b22745","num_bikes_available":2,"vehicle_types_available":[{"vehicle_type_id":"DER:VehicleType:vw_id3","count":2}],"is_installed":true,"is_renting":true,"is_returning":true,"last_reported":1720479593},{"station_id":"DER:Station:61432e01993df74abf963808","num_bikes_available":1,"vehicle_types_available":[{"vehicle_type_id":"DER:VehicleType:vw_id3","count":1}],"is_installed":true,"is_renting":true,"is_returning":true,"last_reported":1720479593},{"station_id":"DER:Station:61711271d325a768d89462d1","num_bikes_available":0,"vehicle_types_available":[],"is_installed":true,"is_renting":true,"is_returning":true,"last_reported":1720479593},{"station_id":"DER:Station:618107bc7dfbb6e7bc8ba96c","num_bikes_available":1,"vehicle_types_available":[{"vehicle_type_id":"DER:VehicleType:vw_id4_pro","count":1}],"is_installed":true,"is_renting":true,"is_returning":true,"last_reported":1720479593},{"station_id":"DER:Station:6184d812dc01706363170acf","num_bikes_available":1,"vehicle_types_available":[{"vehicle_type_id":"DER:VehicleType:vw_eup","count":1}],"is_installed":true,"is_renting":true,"is_returning":true,"last_reported":1720479593},{"station_id":"DER:Station:6188d7e27dfbb667429ba30d","num_bikes_available":0,"vehicle_types_available":[{"vehicle_type_id":"DER:VehicleType:vw_id3_pro_107kw","count":0}],"is_installed":true,"is_renting":true,"is_returning":true,"last_reported":1720479593},{"station_id":"DER:Station:618e8f137dfbb67a34a763c6","num_bikes_available":2,"vehicle_types_available":[{"vehicle_type_id":"DER:VehicleType:vw_id4_pro_150kw","count":1},{"vehicle_type_id":"DER:VehicleType:vw_id3","count":1}],"is_installed":true,"is_renting":true,"is_returning":true,"last_reported":1720479593},{"station_id":"DER:Station:61a62782cfbe1df5975ef230","num_bikes_available":1,"vehicle_types_available":[{"vehicle_type_id":"DER:VehicleType:vw_id3_pro","count":1}],"is_installed":true,"is_renting":true,"is_returning":true,"last_reported":1720479593},{"station_id":"DER:Station:61b749b73facab6cef4e784a","num_bikes_available":1,"vehicle_types_available":[{"vehicle_type_id":"DER:VehicleType:vw_eup","count":1}],"is_installed":true,"is_renting":true,"is_returning":true,"last_reported":1720479593},{"station_id":"DER:Station:61eabcff280fdff2015b7d80","num_bikes_available":1,"vehicle_types_available":[{"vehicle_type_id":"DER:VehicleType:vw_id3_pro_s","count":1}],"is_installed":true,"is_renting":true,"is_returning":true,"last_reported":1720479593},{"station_id":"DER:Station:61f014fe805f606a0c4da811","num_bikes_available":0,"vehicle_types_available":[],"is_installed":true,"is_renting":true,"is_returning":true,"last_reported":1720479593},{"station_id":"DER:Station:61f150cb280fdff2017dc149","num_bikes_available":1,"vehicle_types_available":[{"vehicle_type_id":"DER:VehicleType:vw_id3_pro_107kw","count":1}],"is_installed":true,"is_renting":true,"is_returning":true,"last_reported":1720479593},{"station_id":"DER:Station:61f16118805f606a0c54b233","num_bikes_available":1,"vehicle_types_available":[{"vehicle_type_id":"DER:VehicleType:vw_id3","count":1}],"is_installed":true,"is_renting":true,"is_returning":true,"last_reported":1720479593},{"station_id":"DER:Station:61f16292805f606a0c54bf2b","num_bikes_available":1,"vehicle_types_available":[{"vehicle_type_id":"DER:VehicleType:vw_id3","count":1}],"is_installed":true,"is_renting":true,"is_returning":true,"last_reported":1720479593},{"station_id":"DER:Station:61f3f353a4bfc1979a357b32","num_bikes_available":1,"vehicle_types_available":[{"vehicle_type_id":"DER:VehicleType:vw_id3","count":1}],"is_installed":true,"is_renting":true,"is_returning":true,"last_reported":1720479593},{"station_id":"DER:Station:61fbc99d229fa07cdf392347","num_bikes_available":1,"vehicle_types_available":[{"vehicle_type_id":"DER:VehicleType:vw_id3","count":1}],"is_installed":true,"is_renting":true,"is_returning":true,"last_reported":1720479593},{"station_id":"DER:Station:61fbca25229fa07cdf392990","num_bikes_available":1,"vehicle_types_available":[{"vehicle_type_id":"DER:VehicleType:vw_id3","count":1}],"is_installed":true,"is_renting":true,"is_returning":true,"last_reported":1720479593},{"station_id":"DER:Station:61fbf975229fa07cdf3adb05","num_bikes_available":1,"vehicle_types_available":[{"vehicle_type_id":"DER:VehicleType:vw_id3","count":1}],"is_installed":true,"is_renting":true,"is_returning":true,"last_reported":1720479593},{"station_id":"DER:Station:620f9febfa22dc668d69277c","num_bikes_available":0,"vehicle_types_available":[],"is_installed":true,"is_renting":true,"is_returning":true,"last_reported":1720479593},{"station_id":"DER:Station:6214b403fa22dc668d85fb56","num_bikes_available":1,"vehicle_types_available":[{"vehicle_type_id":"DER:VehicleType:seat_cupra_born","count":1}],"is_installed":true,"is_renting":true,"is_returning":true,"last_reported":1720479593},{"station_id":"DER:Station:62207aa6bd42b75726c5bcef","num_bikes_available":0,"vehicle_types_available":[],"is_installed":true,"is_renting":true,"is_returning":true,"last_reported":1720479593},{"station_id":"DER:Station:62207d4fbd42b75726c5e07d","num_bikes_available":0,"vehicle_types_available":[],"is_installed":true,"is_renting":true,"is_returning":true,"last_reported":1720479593},{"station_id":"DER:Station:62418238f7f4959d4b68f2fa","num_bikes_available":0,"vehicle_types_available":[],"is_installed":true,"is_renting":true,"is_returning":true,"last_reported":1720479593},{"station_id":"DER:Station:624197dc57b024837040cc94","num_bikes_available":2,"vehicle_types_available":[{"vehicle_type_id":"DER:VehicleType:vw_id3","count":2}],"is_installed":true,"is_renting":true,"is_returning":true,"last_reported":1720479593},{"station_id":"DER:Station:624ec5cbcb9a8226db57f41f","num_bikes_available":2,"vehicle_types_available":[{"vehicle_type_id":"DER:VehicleType:vw_id3","count":1},{"vehicle_type_id":"DER:VehicleType:vw_id3_pro_s","count":1}],"is_installed":true,"is_renting":true,"is_returning":true,"last_reported":1720479593},{"station_id":"DER:Station:62556cd4a910d0aced870fee","num_bikes_available":1,"vehicle_types_available":[{"vehicle_type_id":"DER:VehicleType:vw_id3","count":1}],"is_installed":true,"is_renting":true,"is_returning":true,"last_reported":1720479593},{"station_id":"DER:Station:62556e47cb9a8226db836ac4","num_bikes_available":1,"vehicle_types_available":[{"vehicle_type_id":"DER:VehicleType:vw_id3","count":1}],"is_installed":true,"is_renting":true,"is_returning":true,"last_reported":1720479593},{"station_id":"DER:Station:62556eb3a910d0aced87220d","num_bikes_available":1,"vehicle_types_available":[{"vehicle_type_id":"DER:VehicleType:vw_id3","count":1}],"is_installed":true,"is_renting":true,"is_returning":true,"last_reported":1720479593},{"station_id":"DER:Station:626b89ff0b22c7ec1dc3f214","num_bikes_available":1,"vehicle_types_available":[{"vehicle_type_id":"DER:VehicleType:vw_id3","count":1}],"is_installed":true,"is_renting":true,"is_returning":true,"last_reported":1720479593},{"station_id":"DER:Station:6270ee100b22c7ec1deaaae2","num_bikes_available":2,"vehicle_types_available":[{"vehicle_type_id":"DER:VehicleType:vw_id4","count":1},{"vehicle_type_id":"DER:VehicleType:vw_eup","count":1}],"is_installed":true,"is_renting":true,"is_returning":true,"last_reported":1720479593},{"station_id":"DER:Station:6270f69d0b22c7ec1deb12bc","num_bikes_available":1,"vehicle_types_available":[{"vehicle_type_id":"DER:VehicleType:seat_cupra_born","count":1},{"vehicle_type_id":"DER:VehicleType:vw_id3","count":0}],"is_installed":true,"is_renting":true,"is_returning":true,"last_reported":1720479593},{"station_id":"DER:Station:6272335a0b22c7ec1df4e4a1","num_bikes_available":0,"vehicle_types_available":[],"is_installed":true,"is_renting":true,"is_returning":true,"last_reported":1720479593},{"station_id":"DER:Station:627234050b22c7ec1df4ed80","num_bikes_available":1,"vehicle_types_available":[{"vehicle_type_id":"DER:VehicleType:vw_id3","count":1}],"is_installed":true,"is_renting":true,"is_returning":true,"last_reported":1720479593},{"station_id":"DER:Station:627262c0be796776cc5af3d7","num_bikes_available":2,"vehicle_types_available":[{"vehicle_type_id":"DER:VehicleType:vw_id3_pro_107kw","count":1},{"vehicle_type_id":"DER:VehicleType:vw_id3","count":1}],"is_installed":true,"is_renting":true,"is_returning":true,"last_reported":1720479593},{"station_id":"DER:Station:62a191583d2e1b531ab0e078","num_bikes_available":1,"vehicle_types_available":[{"vehicle_type_id":"DER:VehicleType:vw_id4_pro_150kw","count":1}],"is_installed":true,"is_renting":true,"is_returning":true,"last_reported":1720479593},{"station_id":"DER:Station:62a843f28a47f7ecf332fd8f","num_bikes_available":1,"vehicle_types_available":[{"vehicle_type_id":"DER:VehicleType:vw_id3","count":1}],"is_installed":true,"is_renting":true,"is_returning":true,"last_reported":1720479593},{"station_id":"DER:Station:62b019b3a141e028c8971e8f","num_bikes_available":0,"vehicle_types_available":[],"is_installed":true,"is_renting":true,"is_returning":true,"last_reported":1720479593},{"station_id":"DER:Station:62b01a8ea141e028c8972e91","num_bikes_available":1,"vehicle_types_available":[{"vehicle_type_id":"DER:VehicleType:seat_cupra_born_150kw","count":1}],"is_installed":true,"is_renting":true,"is_returning":true,"last_reported":1720479593},{"station_id":"DER:Station:62b17f74a141e028c8a33d48","num_bikes_available":0,"vehicle_types_available":[],"is_installed":true,"is_renting":true,"is_returning":true,"last_reported":1720479593},{"station_id":"DER:Station:62b2f9743d2e1b531a266890","num_bikes_available":1,"vehicle_types_available":[{"vehicle_type_id":"DER:VehicleType:vw_id3","count":1}],"is_installed":true,"is_renting":true,"is_returning":true,"last_reported":1720479593},{"station_id":"DER:Station:62c547d1156f9935f14df82c","num_bikes_available":0,"vehicle_types_available":[{"vehicle_type_id":"DER:VehicleType:vw_id3","count":0}],"is_installed":true,"is_renting":true,"is_returning":true,"last_reported":1720479593},{"station_id":"DER:Station:62d135fbde5cf1727407f5a4","num_bikes_available":1,"vehicle_types_available":[{"vehicle_type_id":"DER:VehicleType:vw_id3","count":1}],"is_installed":true,"is_renting":true,"is_returning":true,"last_reported":1720479593},{"station_id":"DER:Station:62d4ff82c60c57978d14c08e","num_bikes_available":0,"vehicle_types_available":[],"is_installed":true,"is_renting":true,"is_returning":true,"last_reported":1720479593},{"station_id":"DER:Station:62d50026de5cf172741e0755","num_bikes_available":1,"vehicle_types_available":[{"vehicle_type_id":"DER:VehicleType:vw_id3","count":1}],"is_installed":true,"is_renting":true,"is_returning":true,"last_reported":1720479593},{"station_id":"DER:Station:62e3c0d552693e2cf81fccf4","num_bikes_available":0,"vehicle_types_available":[],"is_installed":true,"is_renting":true,"is_returning":true,"last_reported":1720479593},{"station_id":"DER:Station:62e7a58952693e2cf83fad7a","num_bikes_available":2,"vehicle_types_available":[{"vehicle_type_id":"DER:VehicleType:vw_id3_pro_107kw","count":2}],"is_installed":true,"is_renting":true,"is_returning":true,"last_reported":1720479593},{"station_id":"DER:Station:62f0f33bf8f249177b1e3245","num_bikes_available":2,"vehicle_types_available":[{"vehicle_type_id":"DER:VehicleType:vw_id3","count":2}],"is_installed":true,"is_renting":true,"is_returning":true,"last_reported":1720479593},{"station_id":"DER:Station:62f35171f8f249177b32e1b6","num_bikes_available":1,"vehicle_types_available":[{"vehicle_type_id":"DER:VehicleType:vw_id3_pro_107kw","count":1}],"is_installed":true,"is_renting":true,"is_returning":true,"last_reported":1720479593},{"station_id":"DER:Station:63105ad10e365bb7ec019a73","num_bikes_available":0,"vehicle_types_available":[],"is_installed":true,"is_renting":true,"is_returning":true,"last_reported":1720479593},{"station_id":"DER:Station:631ed08b65b104d53b48ee0f","num_bikes_available":0,"vehicle_types_available":[],"is_installed":true,"is_renting":true,"is_returning":true,"last_reported":1720479593},{"station_id":"DER:Station:632056cd0e365bb7ec9787a3","num_bikes_available":0,"vehicle_types_available":[],"is_installed":true,"is_renting":true,"is_returning":true,"last_reported":1720479593},{"station_id":"DER:Station:63205aa1537d322064890e50","num_bikes_available":1,"vehicle_types_available":[{"vehicle_type_id":"DER:VehicleType:vw_id3","count":1}],"is_installed":true,"is_renting":true,"is_returning":true,"last_reported":1720479593},{"station_id":"DER:Station:63207f0c537d3220648b85dc","num_bikes_available":1,"vehicle_types_available":[{"vehicle_type_id":"DER:VehicleType:vw_id3_pro_s","count":1}],"is_installed":true,"is_renting":true,"is_returning":true,"last_reported":1720479593},{"station_id":"DER:Station:632c2abfc20d36e6f9058b90","num_bikes_available":1,"vehicle_types_available":[{"vehicle_type_id":"DER:VehicleType:vw_id3","count":1}],"is_installed":true,"is_renting":true,"is_returning":true,"last_reported":1720479593},{"station_id":"DER:Station:633bfd4ff3d17e835da8be90","num_bikes_available":1,"vehicle_types_available":[{"vehicle_type_id":"DER:VehicleType:vw_id4_pro_150_kw","count":1}],"is_installed":true,"is_renting":true,"is_returning":true,"last_reported":1720479593},{"station_id":"DER:Station:635f724fc1af381dd743295a","num_bikes_available":1,"vehicle_types_available":[{"vehicle_type_id":"DER:VehicleType:vw_eup","count":1}],"is_installed":true,"is_renting":true,"is_returning":true,"last_reported":1720479593},{"station_id":"DER:Station:636387208516f17d224eb7f3","num_bikes_available":1,"vehicle_types_available":[{"vehicle_type_id":"DER:VehicleType:vw_id3_pure_110kw","count":1}],"is_installed":true,"is_renting":true,"is_returning":true,"last_reported":1720479593},{"station_id":"DER:Station:636e0d26b92a1637cc6850aa","num_bikes_available":1,"vehicle_types_available":[{"vehicle_type_id":"DER:VehicleType:vw_id3","count":1}],"is_installed":true,"is_renting":true,"is_returning":true,"last_reported":1720479593},{"station_id":"DER:Station:637361d9a1734a1a8c59747f","num_bikes_available":0,"vehicle_types_available":[],"is_installed":true,"is_renting":true,"is_returning":true,"last_reported":1720479593},{"station_id":"DER:Station:6373632ca1734a1a8c599059","num_bikes_available":1,"vehicle_types_available":[{"vehicle_type_id":"DER:VehicleType:vw_id3","count":1}],"is_installed":true,"is_renting":true,"is_returning":true,"last_reported":1720479593},{"station_id":"DER:Station:6373644bfa1e467a2ebea880","num_bikes_available":1,"vehicle_types_available":[{"vehicle_type_id":"DER:VehicleType:vw_id3","count":1}],"is_installed":true,"is_renting":true,"is_returning":true,"last_reported":1720479593},{"station_id":"DER:Station:638750eaf8fefe4e78d57b14","num_bikes_available":1,"vehicle_types_available":[{"vehicle_type_id":"DER:VehicleType:vw_id3_pro_150kw","count":1}],"is_installed":true,"is_renting":true,"is_returning":true,"last_reported":1720479593},{"station_id":"DER:Station:638db2ae569fa8698cf37962","num_bikes_available":1,"vehicle_types_available":[{"vehicle_type_id":"DER:VehicleType:vw_id3","count":1}],"is_installed":true,"is_renting":true,"is_returning":true,"last_reported":1720479593},{"station_id":"DER:Station:63a19ae8755f735cc48eccb2","num_bikes_available":1,"vehicle_types_available":[{"vehicle_type_id":"DER:VehicleType:vw_id3","count":1}],"is_installed":true,"is_renting":true,"is_returning":true,"last_reported":1720479593},{"station_id":"DER:Station:63b3f70cd875c43e4c8d9933","num_bikes_available":1,"vehicle_types_available":[{"vehicle_type_id":"DER:VehicleType:vw_id3","count":1}],"is_installed":true,"is_renting":true,"is_returning":true,"last_reported":1720479593},{"station_id":"DER:Station:63be66ee6cdd17bac5617ded","num_bikes_available":1,"vehicle_types_available":[{"vehicle_type_id":"DER:VehicleType:vw_id3_pro_150kw","count":1}],"is_installed":true,"is_renting":true,"is_returning":true,"last_reported":1720479593},{"station_id":"DER:Station:63be675184b27da23d75754f","num_bikes_available":1,"vehicle_types_available":[{"vehicle_type_id":"DER:VehicleType:vw_id3","count":1}],"is_installed":true,"is_renting":true,"is_returning":true,"last_reported":1720479593},{"station_id":"DER:Station:63be67a208f25e3d955b7695","num_bikes_available":1,"vehicle_types_available":[{"vehicle_type_id":"DER:VehicleType:vw_id3_pure_110kw","count":1}],"is_installed":true,"is_renting":true,"is_returning":true,"last_reported":1720479593},{"station_id":"DER:Station:63be69b56cdd17bac561a6a1","num_bikes_available":0,"vehicle_types_available":[{"vehicle_type_id":"DER:VehicleType:vw_id3","count":0}],"is_installed":true,"is_renting":true,"is_returning":true,"last_reported":1720479593},{"station_id":"DER:Station:63be6c466cdd17bac561cc93","num_bikes_available":1,"vehicle_types_available":[{"vehicle_type_id":"DER:VehicleType:vw_id3","count":1}],"is_installed":true,"is_renting":true,"is_returning":true,"last_reported":1720479593},{"station_id":"DER:Station:63be6ca46cdd17bac561d512","num_bikes_available":1,"vehicle_types_available":[{"vehicle_type_id":"DER:VehicleType:vw_id3","count":1}],"is_installed":true,"is_renting":true,"is_returning":true,"last_reported":1720479593},{"station_id":"DER:Station:63be6dc108f25e3d955bd87c","num_bikes_available":0,"vehicle_types_available":[{"vehicle_type_id":"DER:VehicleType:vw_id4_pro_150kw","count":0}],"is_installed":true,"is_renting":true,"is_returning":true,"last_reported":1720479593},{"station_id":"DER:Station:63be6e1908f25e3d955bde3a","num_bikes_available":1,"vehicle_types_available":[{"vehicle_type_id":"DER:VehicleType:vw_id3_pro_150kw","count":1}],"is_installed":true,"is_renting":true,"is_returning":true,"last_reported":1720479593},{"station_id":"DER:Station:63d0fd94dddcc64c2dc93ee2","num_bikes_available":1,"vehicle_types_available":[{"vehicle_type_id":"DER:VehicleType:vw_id3","count":1}],"is_installed":true,"is_renting":true,"is_returning":true,"last_reported":1720479593},{"station_id":"DER:Station:63d12c81dddcc64c2dcbbc9a","num_bikes_available":1,"vehicle_types_available":[{"vehicle_type_id":"DER:VehicleType:vw_id3","count":1}],"is_installed":true,"is_renting":true,"is_returning":true,"last_reported":1720479593},{"station_id":"DER:Station:63d12d1d24da49fd66a5aa5f","num_bikes_available":0,"vehicle_types_available":[{"vehicle_type_id":"DER:VehicleType:vw_id3","count":0}],"is_installed":true,"is_renting":true,"is_returning":true,"last_reported":1720479593},{"station_id":"DER:Station:63d12d9724da49fd66a5b0f3","num_bikes_available":1,"vehicle_types_available":[{"vehicle_type_id":"DER:VehicleType:vw_id3","count":1}],"is_installed":true,"is_renting":true,"is_returning":true,"last_reported":1720479593},{"station_id":"DER:Station:63e3688110224986b3a53cbc","num_bikes_available":1,"vehicle_types_available":[{"vehicle_type_id":"DER:VehicleType:vw_id3","count":1}],"is_installed":true,"is_renting":true,"is_returning":true,"last_reported":1720479593},{"station_id":"DER:Station:63e368daa51ccb2d4f086a32","num_bikes_available":1,"vehicle_types_available":[{"vehicle_type_id":"DER:VehicleType:vw_id3_pro_107kw","count":1}],"is_installed":true,"is_renting":true,"is_returning":true,"last_reported":1720479593},{"station_id":"DER:Station:63e3a0c610224986b3a8ad0d","num_bikes_available":0,"vehicle_types_available":[],"is_installed":true,"is_renting":true,"is_returning":true,"last_reported":1720479593},{"station_id":"DER:Station:63f5e88ebb13ebad8f019d96","num_bikes_available":1,"vehicle_types_available":[{"vehicle_type_id":"DER:VehicleType:seat_cupra_born","count":1}],"is_installed":true,"is_renting":true,"is_returning":true,"last_reported":1720479593},{"station_id":"DER:Station:63f5e99fbb13ebad8f01ac03","num_bikes_available":1,"vehicle_types_available":[{"vehicle_type_id":"DER:VehicleType:vw_id3","count":1}],"is_installed":true,"is_renting":true,"is_returning":true,"last_reported":1720479593},{"station_id":"DER:Station:63f5ee72bb13ebad8f01f40f","num_bikes_available":1,"vehicle_types_available":[{"vehicle_type_id":"DER:VehicleType:vw_id3","count":1}],"is_installed":true,"is_renting":true,"is_returning":true,"last_reported":1720479593},{"station_id":"DER:Station:63ff147d7927a4cbff7f97d8","num_bikes_available":1,"vehicle_types_available":[{"vehicle_type_id":"DER:VehicleType:vw_id3_pro_s","count":1}],"is_installed":true,"is_renting":true,"is_returning":true,"last_reported":1720479593},{"station_id":"DER:Station:63ff1585c92577fc334ffdcc","num_bikes_available":0,"vehicle_types_available":[],"is_installed":true,"is_renting":true,"is_returning":true,"last_reported":1720479593},{"station_id":"DER:Station:63ff1672c92577fc33500776","num_bikes_available":1,"vehicle_types_available":[{"vehicle_type_id":"DER:VehicleType:vw_id4_pro_150kw","count":1}],"is_installed":true,"is_renting":true,"is_returning":true,"last_reported":1720479593},{"station_id":"DER:Station:63ff184011dae5324a8fd99c","num_bikes_available":0,"vehicle_types_available":[],"is_installed":true,"is_renting":true,"is_returning":true,"last_reported":1720479593},{"station_id":"DER:Station:6405b21fac00c680993d1505","num_bikes_available":1,"vehicle_types_available":[{"vehicle_type_id":"DER:VehicleType:vw_id3","count":1}],"is_installed":true,"is_renting":true,"is_returning":true,"last_reported":1720479593},{"station_id":"DER:Station:6409a57ed166920896af6c0d","num_bikes_available":0,"vehicle_types_available":[],"is_installed":true,"is_renting":true,"is_returning":true,"last_reported":1720479593},{"station_id":"DER:Station:641053c8cb07bcb99a89d658","num_bikes_available":0,"vehicle_types_available":[],"is_installed":true,"is_renting":true,"is_returning":true,"last_reported":1720479593},{"station_id":"DER:Station:641ad401610cc1acc44dbb4d","num_bikes_available":1,"vehicle_types_available":[{"vehicle_type_id":"DER:VehicleType:vw_id3","count":1}],"is_installed":true,"is_renting":true,"is_returning":true,"last_reported":1720479593},{"station_id":"DER:Station:64215c69e735ca278199a2cd","num_bikes_available":1,"vehicle_types_available":[{"vehicle_type_id":"DER:VehicleType:vw_id3","count":1}],"is_installed":true,"is_renting":true,"is_returning":true,"last_reported":1720479593},{"station_id":"DER:Station:64241934610cc1acc4ac3f1e","num_bikes_available":0,"vehicle_types_available":[],"is_installed":true,"is_renting":true,"is_returning":true,"last_reported":1720479593},{"station_id":"DER:Station:64241a82610cc1acc4ac522d","num_bikes_available":1,"vehicle_types_available":[{"vehicle_type_id":"DER:VehicleType:vw_id3","count":1}],"is_installed":true,"is_renting":true,"is_returning":true,"last_reported":1720479593},{"station_id":"DER:Station:643d49fd674b71f58ddbb040","num_bikes_available":1,"vehicle_types_available":[{"vehicle_type_id":"DER:VehicleType:vw_id4_pro_150kw","count":1}],"is_installed":true,"is_renting":true,"is_returning":true,"last_reported":1720479593},{"station_id":"DER:Station:64462d755a6380b4861d227b","num_bikes_available":1,"vehicle_types_available":[{"vehicle_type_id":"DER:VehicleType:vw_id3","count":1}],"is_installed":true,"is_renting":true,"is_returning":true,"last_reported":1720479593},{"station_id":"DER:Station:64464ccd34917703032f9f1a","num_bikes_available":1,"vehicle_types_available":[{"vehicle_type_id":"DER:VehicleType:vw_id3","count":1}],"is_installed":true,"is_renting":true,"is_returning":true,"last_reported":1720479593},{"station_id":"DER:Station:64464d2734917703032faafd","num_bikes_available":1,"vehicle_types_available":[{"vehicle_type_id":"DER:VehicleType:vw_id3_pro_150kw","count":1}],"is_installed":true,"is_renting":true,"is_returning":true,"last_reported":1720479593},{"station_id":"DER:Station:64464f075a6380b486201969","num_bikes_available":0,"vehicle_types_available":[],"is_installed":true,"is_renting":true,"is_returning":true,"last_reported":1720479593},{"station_id":"DER:Station:645115d3ae9de0b2fc7705ec","num_bikes_available":1,"vehicle_types_available":[{"vehicle_type_id":"DER:VehicleType:seat_cupra_born","count":1}],"is_installed":true,"is_renting":true,"is_returning":true,"last_reported":1720479593},{"station_id":"DER:Station:64621e5488d346dffb8ca23e","num_bikes_available":0,"vehicle_types_available":[],"is_installed":true,"is_renting":true,"is_returning":true,"last_reported":1720479593},{"station_id":"DER:Station:64621eafdd3c02edb0964f8e","num_bikes_available":1,"vehicle_types_available":[{"vehicle_type_id":"DER:VehicleType:vw_id3","count":1}],"is_installed":true,"is_renting":true,"is_returning":true,"last_reported":1720479593},{"station_id":"DER:Station:64621f3add3c02edb0965aec","num_bikes_available":1,"vehicle_types_available":[{"vehicle_type_id":"DER:VehicleType:vw_id3_pro_107kw","count":1}],"is_installed":true,"is_renting":true,"is_returning":true,"last_reported":1720479593},{"station_id":"DER:Station:646f18c5b98dbd8714dcfcff","num_bikes_available":1,"vehicle_types_available":[{"vehicle_type_id":"DER:VehicleType:vw_id3","count":1}],"is_installed":true,"is_renting":true,"is_returning":true,"last_reported":1720479593},{"station_id":"DER:Station:646f1935312ca7decad2464c","num_bikes_available":1,"vehicle_types_available":[{"vehicle_type_id":"DER:VehicleType:vw_id3","count":1}],"is_installed":true,"is_renting":true,"is_returning":true,"last_reported":1720479593},{"station_id":"DER:Station:646f197bb17cec45326fde21","num_bikes_available":1,"vehicle_types_available":[{"vehicle_type_id":"DER:VehicleType:vw_id3","count":1}],"is_installed":true,"is_renting":true,"is_returning":true,"last_reported":1720479593},{"station_id":"DER:Station:646f19b1312ca7decad259cb","num_bikes_available":1,"vehicle_types_available":[{"vehicle_type_id":"DER:VehicleType:vw_id3","count":1}],"is_installed":true,"is_renting":true,"is_returning":true,"last_reported":1720479593},{"station_id":"DER:Station:64784d2a9cac9a8a731692c5","num_bikes_available":1,"vehicle_types_available":[{"vehicle_type_id":"DER:VehicleType:vw_id3","count":1},{"vehicle_type_id":"DER:VehicleType:seat_cupra_born","count":0}],"is_installed":true,"is_renting":true,"is_returning":true,"last_reported":1720479593},{"station_id":"DER:Station:64784d879cac9a8a7316989b","num_bikes_available":2,"vehicle_types_available":[{"vehicle_type_id":"DER:VehicleType:seat_cupra_born_150kw","count":1},{"vehicle_type_id":"DER:VehicleType:vw_id3","count":1}],"is_installed":true,"is_renting":true,"is_returning":true,"last_reported":1720479593},{"station_id":"DER:Station:64784de2d2c66aa378325598","num_bikes_available":1,"vehicle_types_available":[{"vehicle_type_id":"DER:VehicleType:vw_id3","count":1}],"is_installed":true,"is_renting":true,"is_returning":true,"last_reported":1720479593},{"station_id":"DER:Station:64784ee2d2c66aa378327bcd","num_bikes_available":1,"vehicle_types_available":[{"vehicle_type_id":"DER:VehicleType:vw_id3","count":1}],"is_installed":true,"is_renting":true,"is_returning":true,"last_reported":1720479593},{"station_id":"DER:Station:647edb25cad5a79871b92595","num_bikes_available":1,"vehicle_types_available":[{"vehicle_type_id":"DER:VehicleType:vw_id3","count":1}],"is_installed":true,"is_renting":true,"is_returning":true,"last_reported":1720479593},{"station_id":"DER:Station:6486bdae704f2d0af361141f","num_bikes_available":2,"vehicle_types_available":[{"vehicle_type_id":"DER:VehicleType:vw_id3","count":2}],"is_installed":true,"is_renting":true,"is_returning":true,"last_reported":1720479593},{"station_id":"DER:Station:64915eac4325c574efc4dd97","num_bikes_available":0,"vehicle_types_available":[],"is_installed":true,"is_renting":true,"is_returning":true,"last_reported":1720479593},{"station_id":"DER:Station:649ab4e1c12f626c25dd32c3","num_bikes_available":1,"vehicle_types_available":[{"vehicle_type_id":"DER:VehicleType:vw_id3","count":1}],"is_installed":true,"is_renting":true,"is_returning":true,"last_reported":1720479593},{"station_id":"DER:Station:649ab536675e41ef65ddbcde","num_bikes_available":0,"vehicle_types_available":[],"is_installed":true,"is_renting":true,"is_returning":true,"last_reported":1720479593},{"station_id":"DER:Station:649bdd563e152a8e0ff9e04b","num_bikes_available":1,"vehicle_types_available":[{"vehicle_type_id":"DER:VehicleType:vw_id4_pro_150kw","count":1}],"is_installed":true,"is_renting":true,"is_returning":true,"last_reported":1720479593},{"station_id":"DER:Station:649e91b8fc19e7b534d09f82","num_bikes_available":1,"vehicle_types_available":[{"vehicle_type_id":"DER:VehicleType:vw_id4","count":1}],"is_installed":true,"is_renting":true,"is_returning":true,"last_reported":1720479593},{"station_id":"DER:Station:64a268321c76abb8e8c7502e","num_bikes_available":1,"vehicle_types_available":[{"vehicle_type_id":"DER:VehicleType:vw_id3","count":1}],"is_installed":true,"is_renting":true,"is_returning":true,"last_reported":1720479593},{"station_id":"DER:Station:64a2b5761c76abb8e8cffe54","num_bikes_available":1,"vehicle_types_available":[{"vehicle_type_id":"DER:VehicleType:vw_id3","count":1},{"vehicle_type_id":"DER:VehicleType:vw_id4_pro_150kw","count":0}],"is_installed":true,"is_renting":true,"is_returning":true,"last_reported":1720479593},{"station_id":"DER:Station:64a5415efc19e7b5345e082a","num_bikes_available":1,"vehicle_types_available":[{"vehicle_type_id":"DER:VehicleType:vw_id3","count":1}],"is_installed":true,"is_renting":true,"is_returning":true,"last_reported":1720479593},{"station_id":"DER:Station:64a69142a8df10917564eec3","num_bikes_available":1,"vehicle_types_available":[{"vehicle_type_id":"DER:VehicleType:vw_id3_pro_150kw","count":1}],"is_installed":true,"is_renting":true,"is_returning":true,"last_reported":1720479593},{"station_id":"DER:Station:64a691a03319349a6f8f16d8","num_bikes_available":2,"vehicle_types_available":[{"vehicle_type_id":"DER:VehicleType:vw_id4","count":1},{"vehicle_type_id":"DER:VehicleType:seat_cupra_born","count":1}],"is_installed":true,"is_renting":true,"is_returning":true,"last_reported":1720479593},{"station_id":"DER:Station:64ad14a2a8df109175edb608","num_bikes_available":1,"vehicle_types_available":[{"vehicle_type_id":"DER:VehicleType:vw_id3_pro_107kw","count":1}],"is_installed":true,"is_renting":true,"is_returning":true,"last_reported":1720479593},{"station_id":"DER:Station:64ae630443594eefc75e1886","num_bikes_available":1,"vehicle_types_available":[{"vehicle_type_id":"DER:VehicleType:vw_id3","count":1}],"is_installed":true,"is_renting":true,"is_returning":true,"last_reported":1720479593},{"station_id":"DER:Station:64b81ff7da3672a53ef14bce","num_bikes_available":2,"vehicle_types_available":[{"vehicle_type_id":"DER:VehicleType:vw_id3","count":2}],"is_installed":true,"is_renting":true,"is_returning":true,"last_reported":1720479593},{"station_id":"DER:Station:64b8cc77097d2b0114813cd0","num_bikes_available":1,"vehicle_types_available":[{"vehicle_type_id":"DER:VehicleType:vw_id3","count":1}],"is_installed":true,"is_renting":true,"is_returning":true,"last_reported":1720479593},{"station_id":"DER:Station:64be7e3c257434c883bec596","num_bikes_available":1,"vehicle_types_available":[{"vehicle_type_id":"DER:VehicleType:vw_id3","count":1}],"is_installed":true,"is_renting":true,"is_returning":true,"last_reported":1720479593},{"station_id":"DER:Station:64d4a71a065799e4bcbee6a5","num_bikes_available":1,"vehicle_types_available":[{"vehicle_type_id":"DER:VehicleType:seat_cupra_born","count":1}],"is_installed":true,"is_renting":true,"is_returning":true,"last_reported":1720479593},{"station_id":"DER:Station:64d4a8d7341c8c842f96a8ee","num_bikes_available":1,"vehicle_types_available":[{"vehicle_type_id":"DER:VehicleType:vw_id3_pro_107kw","count":1}],"is_installed":true,"is_renting":true,"is_returning":true,"last_reported":1720479593},{"station_id":"DER:Station:64d4a8f1341c8c842f96b0e9","num_bikes_available":1,"vehicle_types_available":[{"vehicle_type_id":"DER:VehicleType:vw_id3","count":1}],"is_installed":true,"is_renting":true,"is_returning":true,"last_reported":1720479593},{"station_id":"DER:Station:64d9c74cfe24e58c792f2d36","num_bikes_available":1,"vehicle_types_available":[{"vehicle_type_id":"DER:VehicleType:vw_id3","count":1}],"is_installed":true,"is_renting":true,"is_returning":true,"last_reported":1720479593},{"station_id":"DER:Station:64dde072b214f31bdd6098f4","num_bikes_available":1,"vehicle_types_available":[{"vehicle_type_id":"DER:VehicleType:vw_id3","count":1}],"is_installed":true,"is_renting":true,"is_returning":true,"last_reported":1720479593},{"station_id":"DER:Station:64f075e9f38653a827984437","num_bikes_available":1,"vehicle_types_available":[{"vehicle_type_id":"DER:VehicleType:vw_id3","count":1}],"is_installed":true,"is_renting":true,"is_returning":true,"last_reported":1720479593},{"station_id":"DER:Station:64f07a9e86b1c8e5dfeec411","num_bikes_available":0,"vehicle_types_available":[{"vehicle_type_id":"DER:VehicleType:vw_id3","count":0}],"is_installed":true,"is_renting":true,"is_returning":true,"last_reported":1720479593},{"station_id":"DER:Station:64f07b78efdd70b85acf0fb6","num_bikes_available":0,"vehicle_types_available":[{"vehicle_type_id":"DER:VehicleType:vw_id3","count":0},{"vehicle_type_id":"DER:VehicleType:vw_id3_pro_s","count":0}],"is_installed":true,"is_renting":true,"is_returning":true,"last_reported":1720479593},{"station_id":"DER:Station:64f07bfc86b1c8e5dfeed5f5","num_bikes_available":0,"vehicle_types_available":[],"is_installed":true,"is_renting":true,"is_returning":true,"last_reported":1720479593},{"station_id":"DER:Station:64f07c8ff38653a82798abc2","num_bikes_available":0,"vehicle_types_available":[],"is_installed":true,"is_renting":true,"is_returning":true,"last_reported":1720479593},{"station_id":"DER:Station:64f07d26f38653a82798b1ff","num_bikes_available":0,"vehicle_types_available":[],"is_installed":true,"is_renting":true,"is_returning":true,"last_reported":1720479593},{"station_id":"DER:Station:64f07d9725ccb4f42cec3ba1","num_bikes_available":1,"vehicle_types_available":[{"vehicle_type_id":"DER:VehicleType:vw_id3","count":1}],"is_installed":true,"is_renting":true,"is_returning":true,"last_reported":1720479593},{"station_id":"DER:Station:64feffb7cd1ed1deafc3e98f","num_bikes_available":1,"vehicle_types_available":[{"vehicle_type_id":"DER:VehicleType:vw_id3_pro_150kw","count":1}],"is_installed":true,"is_renting":true,"is_returning":true,"last_reported":1720479593},{"station_id":"DER:Station:65128b3a40384c2853a30a61","num_bikes_available":0,"vehicle_types_available":[],"is_installed":true,"is_renting":true,"is_returning":true,"last_reported":1720479593},{"station_id":"DER:Station:651a9b352bff1da979439fe7","num_bikes_available":2,"vehicle_types_available":[{"vehicle_type_id":"DER:VehicleType:vw_id4_pro_150kw","count":1},{"vehicle_type_id":"DER:VehicleType:vw_id3","count":1}],"is_installed":true,"is_renting":true,"is_returning":true,"last_reported":1720479593},{"station_id":"DER:Station:652d2c1ceeb2dfe524d837bf","num_bikes_available":1,"vehicle_types_available":[{"vehicle_type_id":"DER:VehicleType:vw_id3","count":1}],"is_installed":true,"is_renting":true,"is_returning":true,"last_reported":1720479593},{"station_id":"DER:Station:652f9d69297b6cb2ba2ccd2a","num_bikes_available":2,"vehicle_types_available":[{"vehicle_type_id":"DER:VehicleType:vw_id3","count":1},{"vehicle_type_id":"DER:VehicleType:seat_cupra_born","count":1}],"is_installed":true,"is_renting":true,"is_returning":true,"last_reported":1720479593},{"station_id":"DER:Station:6538b14aceef416eaf6fe2ee","num_bikes_available":1,"vehicle_types_available":[{"vehicle_type_id":"DER:VehicleType:vw_id3_pro_s_150kw","count":1}],"is_installed":true,"is_renting":true,"is_returning":true,"last_reported":1720479593},{"station_id":"DER:Station:654a3b7b9d8291c08976df46","num_bikes_available":0,"vehicle_types_available":[],"is_installed":true,"is_renting":true,"is_returning":true,"last_reported":1720479593},{"station_id":"DER:Station:654a3ee46ffc966354239b36","num_bikes_available":1,"vehicle_types_available":[{"vehicle_type_id":"DER:VehicleType:vw_id3","count":1}],"is_installed":true,"is_renting":true,"is_returning":true,"last_reported":1720479593},{"station_id":"DER:Station:654a3fdc4375fcb04cefd9ac","num_bikes_available":1,"vehicle_types_available":[{"vehicle_type_id":"DER:VehicleType:vw_id3","count":1}],"is_installed":true,"is_renting":true,"is_returning":true,"last_reported":1720479593},{"station_id":"DER:Station:654a40cd6ffc96635423abdc","num_bikes_available":1,"vehicle_types_available":[{"vehicle_type_id":"DER:VehicleType:vw_id3","count":1}],"is_installed":true,"is_renting":true,"is_returning":true,"last_reported":1720479593},{"station_id":"DER:Station:654a418a9d8291c08977129e","num_bikes_available":1,"vehicle_types_available":[{"vehicle_type_id":"DER:VehicleType:vw_id3","count":1}],"is_installed":true,"is_renting":true,"is_returning":true,"last_reported":1720479593},{"station_id":"DER:Station:654a422999b9d989b62a7f70","num_bikes_available":1,"vehicle_types_available":[{"vehicle_type_id":"DER:VehicleType:vw_id3","count":1}],"is_installed":true,"is_renting":true,"is_returning":true,"last_reported":1720479593},{"station_id":"DER:Station:654a42e66ffc96635423d061","num_bikes_available":0,"vehicle_types_available":[],"is_installed":true,"is_renting":true,"is_returning":true,"last_reported":1720479593},{"station_id":"DER:Station:655343931e96a532c4406a1c","num_bikes_available":1,"vehicle_types_available":[{"vehicle_type_id":"DER:VehicleType:vw_id3","count":1}],"is_installed":true,"is_renting":true,"is_returning":true,"last_reported":1720479593},{"station_id":"DER:Station:655344bfeb02a6fd609eb99e","num_bikes_available":1,"vehicle_types_available":[{"vehicle_type_id":"DER:VehicleType:vw_id3_pro_107kw","count":1}],"is_installed":true,"is_renting":true,"is_returning":true,"last_reported":1720479593},{"station_id":"DER:Station:655345bd645c32f571311128","num_bikes_available":0,"vehicle_types_available":[],"is_installed":true,"is_renting":true,"is_returning":true,"last_reported":1720479593},{"station_id":"DER:Station:65534660645c32f57131159b","num_bikes_available":1,"vehicle_types_available":[{"vehicle_type_id":"DER:VehicleType:vw_id3","count":1}],"is_installed":true,"is_renting":true,"is_returning":true,"last_reported":1720479593},{"station_id":"DER:Station:656efae5fd99eb36c5f8396c","num_bikes_available":2,"vehicle_types_available":[{"vehicle_type_id":"DER:VehicleType:vw_id3","count":1},{"vehicle_type_id":"DER:VehicleType:vw_id3_pro_107kw","count":1}],"is_installed":true,"is_renting":true,"is_returning":true,"last_reported":1720479593},{"station_id":"DER:Station:6570283bda433fdf7655682e","num_bikes_available":2,"vehicle_types_available":[{"vehicle_type_id":"DER:VehicleType:vw_id3","count":2}],"is_installed":true,"is_renting":true,"is_returning":true,"last_reported":1720479593},{"station_id":"DER:Station:657029dddcb89fc38234954d","num_bikes_available":1,"vehicle_types_available":[{"vehicle_type_id":"DER:VehicleType:vw_id3","count":1}],"is_installed":true,"is_renting":true,"is_returning":true,"last_reported":1720479593},{"station_id":"DER:Station:65702a9b8e14f8ef6495a280","num_bikes_available":1,"vehicle_types_available":[{"vehicle_type_id":"DER:VehicleType:vw_id3","count":1}],"is_installed":true,"is_renting":true,"is_returning":true,"last_reported":1720479593},{"station_id":"DER:Station:658044082e3c9215eaeecf41","num_bikes_available":1,"vehicle_types_available":[{"vehicle_type_id":"DER:VehicleType:seat_cupra_born","count":1}],"is_installed":true,"is_renting":true,"is_returning":true,"last_reported":1720479593},{"station_id":"DER:Station:65a10e8f9e8b42eaa7aed5b7","num_bikes_available":1,"vehicle_types_available":[{"vehicle_type_id":"DER:VehicleType:vw_id3_pro_s","count":1}],"is_installed":true,"is_renting":true,"is_returning":true,"last_reported":1720479593},{"station_id":"DER:Station:65bcc53e5ab025131377e553","num_bikes_available":0,"vehicle_types_available":[],"is_installed":true,"is_renting":true,"is_returning":true,"last_reported":1720479593},{"station_id":"DER:Station:65c1fd77e42a35ca73e4c9a6","num_bikes_available":1,"vehicle_types_available":[{"vehicle_type_id":"DER:VehicleType:vw_id3","count":1}],"is_installed":true,"is_renting":true,"is_returning":true,"last_reported":1720479593},{"station_id":"DER:Station:65c1fe605bd6fda2a1627b56","num_bikes_available":1,"vehicle_types_available":[{"vehicle_type_id":"DER:VehicleType:vw_id3_pro_107kw","count":1}],"is_installed":true,"is_renting":true,"is_returning":true,"last_reported":1720479593},{"station_id":"DER:Station:65d45c9a1428b27b194d3a47","num_bikes_available":0,"vehicle_types_available":[],"is_installed":true,"is_renting":true,"is_returning":true,"last_reported":1720479593},{"station_id":"DER:Station:65e6e7e768111e7f3d96c03f","num_bikes_available":0,"vehicle_types_available":[],"is_installed":true,"is_renting":true,"is_returning":true,"last_reported":1720479593},{"station_id":"DER:Station:65eac830a57ddabfef3834ca","num_bikes_available":1,"vehicle_types_available":[{"vehicle_type_id":"DER:VehicleType:vw_id3","count":1}],"is_installed":true,"is_renting":true,"is_returning":true,"last_reported":1720479593},{"station_id":"DER:Station:65eaca357444089559aef426","num_bikes_available":1,"vehicle_types_available":[{"vehicle_type_id":"DER:VehicleType:vw_id3","count":1}],"is_installed":true,"is_renting":true,"is_returning":true,"last_reported":1720479593},{"station_id":"DER:Station:65ead42d0b3d8ae261015924","num_bikes_available":0,"vehicle_types_available":[{"vehicle_type_id":"DER:VehicleType:seat_cupra_born_150kw","count":0}],"is_installed":true,"is_renting":true,"is_returning":true,"last_reported":1720479593},{"station_id":"DER:Station:65eae80368111e7f3db00178","num_bikes_available":0,"vehicle_types_available":[{"vehicle_type_id":"DER:VehicleType:vw_id3","count":0}],"is_installed":true,"is_renting":true,"is_returning":true,"last_reported":1720479593},{"station_id":"DER:Station:65f16de07444089559cfebf8","num_bikes_available":1,"vehicle_types_available":[{"vehicle_type_id":"DER:VehicleType:seat_cupra_born","count":1}],"is_installed":true,"is_renting":true,"is_returning":true,"last_reported":1720479593},{"station_id":"DER:Station:65f7ec0c852f864ccb130b72","num_bikes_available":1,"vehicle_types_available":[{"vehicle_type_id":"DER:VehicleType:vw_id3","count":1}],"is_installed":true,"is_renting":true,"is_returning":true,"last_reported":1720479593},{"station_id":"DER:Station:660291c72d5f9f036a8f5110","num_bikes_available":2,"vehicle_types_available":[{"vehicle_type_id":"DER:VehicleType:vw_id3","count":1},{"vehicle_type_id":"DER:VehicleType:vw_id3_pro_s","count":1}],"is_installed":true,"is_renting":true,"is_returning":true,"last_reported":1720479593},{"station_id":"DER:Station:66029292f735e2d373f1c719","num_bikes_available":1,"vehicle_types_available":[{"vehicle_type_id":"DER:VehicleType:vw_id3_pure_performance","count":0},{"vehicle_type_id":"DER:VehicleType:vw_id3","count":1}],"is_installed":true,"is_renting":true,"is_returning":true,"last_reported":1720479593},{"station_id":"DER:Station:660293b874dd975536c9a2a6","num_bikes_available":1,"vehicle_types_available":[{"vehicle_type_id":"DER:VehicleType:vw_id3","count":1}],"is_installed":true,"is_renting":true,"is_returning":true,"last_reported":1720479593},{"station_id":"DER:Station:660294c5852f864ccb464576","num_bikes_available":1,"vehicle_types_available":[{"vehicle_type_id":"DER:VehicleType:vw_id4_pro_150kw","count":1}],"is_installed":true,"is_renting":true,"is_returning":true,"last_reported":1720479593},{"station_id":"DER:Station:66029ae193d80627b21b18b6","num_bikes_available":1,"vehicle_types_available":[{"vehicle_type_id":"DER:VehicleType:vw_id3_pro","count":1}],"is_installed":true,"is_renting":true,"is_returning":true,"last_reported":1720479593},{"station_id":"DER:Station:6602a170fdac19e3759dc155","num_bikes_available":0,"vehicle_types_available":[],"is_installed":true,"is_renting":true,"is_returning":true,"last_reported":1720479593},{"station_id":"DER:Station:6602a23bfdac19e3759dcc90","num_bikes_available":1,"vehicle_types_available":[{"vehicle_type_id":"DER:VehicleType:vw_id3","count":1}],"is_installed":true,"is_renting":true,"is_returning":true,"last_reported":1720479593},{"station_id":"DER:Station:6602a2a74f1d50b5f9f447f7","num_bikes_available":1,"vehicle_types_available":[{"vehicle_type_id":"DER:VehicleType:vw_id3","count":1}],"is_installed":true,"is_renting":true,"is_returning":true,"last_reported":1720479593},{"station_id":"DER:Station:6605808f515b54ad4a5826c7","num_bikes_available":1,"vehicle_types_available":[{"vehicle_type_id":"DER:VehicleType:vw_id3","count":1}],"is_installed":true,"is_renting":true,"is_returning":true,"last_reported":1720479593},{"station_id":"DER:Station:660bd0de994e8f7a9313751a","num_bikes_available":1,"vehicle_types_available":[{"vehicle_type_id":"DER:VehicleType:vw_id3","count":1}],"is_installed":true,"is_renting":true,"is_returning":true,"last_reported":1720479593},{"station_id":"DER:Station:660e2d9f09fa2fb02c9e3bb3","num_bikes_available":1,"vehicle_types_available":[{"vehicle_type_id":"DER:VehicleType:vw_id4_pro_150kw","count":1}],"is_installed":true,"is_renting":true,"is_returning":true,"last_reported":1720479593},{"station_id":"DER:Station:660e2e30994e8f7a93207cec","num_bikes_available":1,"vehicle_types_available":[{"vehicle_type_id":"DER:VehicleType:vw_id3","count":1}],"is_installed":true,"is_renting":true,"is_returning":true,"last_reported":1720479593},{"station_id":"DER:Station:660e4e3a994e8f7a932174c1","num_bikes_available":1,"vehicle_types_available":[{"vehicle_type_id":"DER:VehicleType:vw_id3","count":1}],"is_installed":true,"is_renting":true,"is_returning":true,"last_reported":1720479593},{"station_id":"DER:Station:660e5aa146644b88a5d495ae","num_bikes_available":1,"vehicle_types_available":[{"vehicle_type_id":"DER:VehicleType:vw_id3","count":1}],"is_installed":true,"is_renting":true,"is_returning":true,"last_reported":1720479593},{"station_id":"DER:Station:660e5b24b1b709f327d4b727","num_bikes_available":0,"vehicle_types_available":[],"is_installed":true,"is_renting":true,"is_returning":true,"last_reported":1720479593},{"station_id":"DER:Station:660fbe298ca2d4ab103f69d7","num_bikes_available":1,"vehicle_types_available":[{"vehicle_type_id":"DER:VehicleType:vw_id3_pro_107kw","count":1}],"is_installed":true,"is_renting":true,"is_returning":true,"last_reported":1720479593},{"station_id":"DER:Station:660fbed309fa2fb02ca8353a","num_bikes_available":1,"vehicle_types_available":[{"vehicle_type_id":"DER:VehicleType:vw_id3_pro_150kw","count":1}],"is_installed":true,"is_renting":true,"is_returning":true,"last_reported":1720479593},{"station_id":"DER:Station:660fbf93b1b709f327dd3383","num_bikes_available":1,"vehicle_types_available":[{"vehicle_type_id":"DER:VehicleType:vw_id3","count":1}],"is_installed":true,"is_renting":true,"is_returning":true,"last_reported":1720479593},{"station_id":"DER:Station:660fc00d26e02b061b88d658","num_bikes_available":1,"vehicle_types_available":[{"vehicle_type_id":"DER:VehicleType:vw_id3_pro_s","count":1}],"is_installed":true,"is_renting":true,"is_returning":true,"last_reported":1720479593},{"station_id":"DER:Station:6613b40646644b88a5ec7d15","num_bikes_available":0,"vehicle_types_available":[],"is_installed":true,"is_renting":true,"is_returning":true,"last_reported":1720479593},{"station_id":"DER:Station:6613b50edea0ca04112651bd","num_bikes_available":1,"vehicle_types_available":[{"vehicle_type_id":"DER:VehicleType:vw_id3","count":1}],"is_installed":true,"is_renting":true,"is_returning":true,"last_reported":1720479593},{"station_id":"DER:Station:6613b5bbdea0ca0411265be3","num_bikes_available":0,"vehicle_types_available":[],"is_installed":true,"is_renting":true,"is_returning":true,"last_reported":1720479593},{"station_id":"DER:Station:66150f95f014ecbd829bc566","num_bikes_available":1,"vehicle_types_available":[{"vehicle_type_id":"DER:VehicleType:vw_id3","count":1}],"is_installed":true,"is_renting":true,"is_returning":true,"last_reported":1720479593},{"station_id":"DER:Station:661523aa467486cc1f2b0026","num_bikes_available":1,"vehicle_types_available":[{"vehicle_type_id":"DER:VehicleType:vw_id3","count":1}],"is_installed":true,"is_renting":true,"is_returning":true,"last_reported":1720479593},{"station_id":"DER:Station:66152495dea0ca04112f778e","num_bikes_available":0,"vehicle_types_available":[],"is_installed":true,"is_renting":true,"is_returning":true,"last_reported":1720479593},{"station_id":"DER:Station:66152506dea0ca04112f7da7","num_bikes_available":1,"vehicle_types_available":[{"vehicle_type_id":"DER:VehicleType:seat_cupra_born_150kw","count":1}],"is_installed":true,"is_renting":true,"is_returning":true,"last_reported":1720479593},{"station_id":"DER:Station:661525928ca2d4ab1058289a","num_bikes_available":1,"vehicle_types_available":[{"vehicle_type_id":"DER:VehicleType:vw_id3","count":1}],"is_installed":true,"is_renting":true,"is_returning":true,"last_reported":1720479593},{"station_id":"DER:Station:661525e009fa2fb02cc16362","num_bikes_available":0,"vehicle_types_available":[],"is_installed":true,"is_renting":true,"is_returning":true,"last_reported":1720479593},{"station_id":"DER:Station:66152669467486cc1f2b1f66","num_bikes_available":0,"vehicle_types_available":[],"is_installed":true,"is_renting":true,"is_returning":true,"last_reported":1720479593},{"station_id":"DER:Station:66162cea467486cc1f304be2","num_bikes_available":1,"vehicle_types_available":[{"vehicle_type_id":"DER:VehicleType:vw_eup","count":1}],"is_installed":true,"is_renting":true,"is_returning":true,"last_reported":1720479593},{"station_id":"DER:Station:661e1a076285865070ed8e17","num_bikes_available":2,"vehicle_types_available":[{"vehicle_type_id":"DER:VehicleType:vw_id4_pro_150kw","count":1},{"vehicle_type_id":"DER:VehicleType:vw_id3","count":1}],"is_installed":true,"is_renting":true,"is_returning":true,"last_reported":1720479593},{"station_id":"DER:Station:661e84cc5dfbc78584b5743f","num_bikes_available":1,"vehicle_types_available":[{"vehicle_type_id":"DER:VehicleType:vw_id3","count":1}],"is_installed":true,"is_renting":true,"is_returning":true,"last_reported":1720479593},{"station_id":"DER:Station:661e85847edc6d834bbdcd76","num_bikes_available":1,"vehicle_types_available":[{"vehicle_type_id":"DER:VehicleType:vw_id3","count":1}],"is_installed":true,"is_renting":true,"is_returning":true,"last_reported":1720479593},{"station_id":"DER:Station:661e870f7edc6d834bbde754","num_bikes_available":1,"vehicle_types_available":[{"vehicle_type_id":"DER:VehicleType:vw_id3_pro_107kw","count":1}],"is_installed":true,"is_renting":true,"is_returning":true,"last_reported":1720479593},{"station_id":"DER:Station:661e8e283e71f14d80e940c3","num_bikes_available":1,"vehicle_types_available":[{"vehicle_type_id":"DER:VehicleType:vw_id3_pro_107kw","count":1}],"is_installed":true,"is_renting":true,"is_returning":true,"last_reported":1720479593},{"station_id":"DER:Station:661e8e6d83f28f86277087f4","num_bikes_available":0,"vehicle_types_available":[],"is_installed":true,"is_renting":true,"is_returning":true,"last_reported":1720479593},{"station_id":"DER:Station:662785b8191906131d1526c1","num_bikes_available":0,"vehicle_types_available":[],"is_installed":true,"is_renting":true,"is_returning":true,"last_reported":1720479593},{"station_id":"DER:Station:6628bafad34edfcf0c7e6c7d","num_bikes_available":2,"vehicle_types_available":[{"vehicle_type_id":"DER:VehicleType:vw_id3","count":2}],"is_installed":true,"is_renting":true,"is_returning":true,"last_reported":1720479593},{"station_id":"DER:Station:662b6aa8fdd12e04eada2994","num_bikes_available":1,"vehicle_types_available":[{"vehicle_type_id":"DER:VehicleType:vw_id3","count":1}],"is_installed":true,"is_renting":true,"is_returning":true,"last_reported":1720479593},{"station_id":"DER:Station:662b6be1d2c182de4aea0753","num_bikes_available":0,"vehicle_types_available":[{"vehicle_type_id":"DER:VehicleType:vw_id3","count":0}],"is_installed":true,"is_renting":true,"is_returning":true,"last_reported":1720479593},{"station_id":"DER:Station:662b6c0f92871710bb779207","num_bikes_available":1,"vehicle_types_available":[{"vehicle_type_id":"DER:VehicleType:vw_id3","count":1}],"is_installed":true,"is_renting":true,"is_returning":true,"last_reported":1720479593},{"station_id":"DER:Station:662b9a91d5f2119ebad44f6f","num_bikes_available":0,"vehicle_types_available":[],"is_installed":true,"is_renting":true,"is_returning":true,"last_reported":1720479593},{"station_id":"DER:Station:662b9b9a0cd40f37a44e9dd4","num_bikes_available":1,"vehicle_types_available":[{"vehicle_type_id":"DER:VehicleType:vw_id3","count":1}],"is_installed":true,"is_renting":true,"is_returning":true,"last_reported":1720479593},{"station_id":"DER:Station:662b9c36d5f2119ebad45c2a","num_bikes_available":1,"vehicle_types_available":[{"vehicle_type_id":"DER:VehicleType:vw_id3_pro_107kw","count":1}],"is_installed":true,"is_renting":true,"is_returning":true,"last_reported":1720479593},{"station_id":"DER:Station:662b9db20a1f8bde4de51cd0","num_bikes_available":0,"vehicle_types_available":[],"is_installed":true,"is_renting":true,"is_returning":true,"last_reported":1720479593},{"station_id":"DER:Station:662b9e380cd40f37a44eb515","num_bikes_available":2,"vehicle_types_available":[{"vehicle_type_id":"DER:VehicleType:vw_id3","count":1},{"vehicle_type_id":"DER:VehicleType:vw_id3_pro_s","count":1}],"is_installed":true,"is_renting":true,"is_returning":true,"last_reported":1720479593},{"station_id":"DER:Station:663362ddd2c182de4a1a3b73","num_bikes_available":0,"vehicle_types_available":[],"is_installed":true,"is_renting":true,"is_returning":true,"last_reported":1720479593},{"station_id":"DER:Station:6633637dd2c182de4a1a429b","num_bikes_available":1,"vehicle_types_available":[{"vehicle_type_id":"DER:VehicleType:vw_id3_pure_110kw","count":1}],"is_installed":true,"is_renting":true,"is_returning":true,"last_reported":1720479593},{"station_id":"DER:Station:6644a2a1291fd3070a36f3e8","num_bikes_available":0,"vehicle_types_available":[],"is_installed":true,"is_renting":true,"is_returning":true,"last_reported":1720479593},{"station_id":"DER:Station:6644a4d56be9b893c6d407f1","num_bikes_available":1,"vehicle_types_available":[{"vehicle_type_id":"DER:VehicleType:vw_id3","count":1}],"is_installed":true,"is_renting":true,"is_returning":true,"last_reported":1720479593},{"station_id":"DER:Station:664c7298f821c35aca656651","num_bikes_available":1,"vehicle_types_available":[{"vehicle_type_id":"DER:VehicleType:vw_id3","count":1}],"is_installed":true,"is_renting":true,"is_returning":true,"last_reported":1720479593},{"station_id":"DER:Station:664c73500e703d61a94bf624","num_bikes_available":1,"vehicle_types_available":[{"vehicle_type_id":"DER:VehicleType:vw_id3","count":1}],"is_installed":true,"is_renting":true,"is_returning":true,"last_reported":1720479593},{"station_id":"DER:Station:664c73d318991d370b267b36","num_bikes_available":1,"vehicle_types_available":[{"vehicle_type_id":"DER:VehicleType:vw_id3_pro_107kw","count":1}],"is_installed":true,"is_renting":true,"is_returning":true,"last_reported":1720479593},{"station_id":"DER:Station:664c745e18991d370b268136","num_bikes_available":1,"vehicle_types_available":[{"vehicle_type_id":"DER:VehicleType:vw_id3","count":1}],"is_installed":true,"is_renting":true,"is_returning":true,"last_reported":1720479593},{"station_id":"DER:Station:664c74f64db73ffd1ca12408","num_bikes_available":1,"vehicle_types_available":[{"vehicle_type_id":"DER:VehicleType:vw_id3","count":1}],"is_installed":true,"is_renting":true,"is_returning":true,"last_reported":1720479593},{"station_id":"DER:Station:6655a764f04388d13c20f794","num_bikes_available":2,"vehicle_types_available":[{"vehicle_type_id":"DER:VehicleType:vw_id3","count":2}],"is_installed":true,"is_renting":true,"is_returning":true,"last_reported":1720479593},{"station_id":"DER:Station:6656d09b63bd2115c39c82f8","num_bikes_available":1,"vehicle_types_available":[{"vehicle_type_id":"DER:VehicleType:vw_eup","count":1}],"is_installed":true,"is_renting":true,"is_returning":true,"last_reported":1720479593},{"station_id":"DER:Station:6656dd66f04388d13c26eb8f","num_bikes_available":1,"vehicle_types_available":[{"vehicle_type_id":"DER:VehicleType:vw_id3","count":1}],"is_installed":true,"is_renting":true,"is_returning":true,"last_reported":1720479593},{"station_id":"DER:Station:6656de225769c1eb26773a73","num_bikes_available":1,"vehicle_types_available":[{"vehicle_type_id":"DER:VehicleType:vw_id3","count":1}],"is_installed":true,"is_renting":true,"is_returning":true,"last_reported":1720479593},{"station_id":"DER:Station:666a93e119ec3fa9d6b564da","num_bikes_available":1,"vehicle_types_available":[{"vehicle_type_id":"DER:VehicleType:vw_id3","count":1}],"is_installed":true,"is_renting":true,"is_returning":true,"last_reported":1720479593},{"station_id":"DER:Station:666a951b70f4f2e33606141d","num_bikes_available":2,"vehicle_types_available":[{"vehicle_type_id":"DER:VehicleType:vw_id3","count":2}],"is_installed":true,"is_renting":true,"is_returning":true,"last_reported":1720479593},{"station_id":"DER:Station:66702bc018988a3872a4788a","num_bikes_available":0,"vehicle_types_available":[],"is_installed":true,"is_renting":true,"is_returning":true,"last_reported":1720479593},{"station_id":"DER:Station:66729a4ba25b8904b2f5161b","num_bikes_available":1,"vehicle_types_available":[{"vehicle_type_id":"DER:VehicleType:seat_cupra_born","count":1}],"is_installed":true,"is_renting":true,"is_returning":true,"last_reported":1720479593},{"station_id":"DER:Station:66729c400baaa3338ee22afe","num_bikes_available":1,"vehicle_types_available":[{"vehicle_type_id":"DER:VehicleType:vw_id3","count":1}],"is_installed":true,"is_renting":true,"is_returning":true,"last_reported":1720479593},{"station_id":"DER:Station:66729f690baaa3338ee26191","num_bikes_available":1,"vehicle_types_available":[{"vehicle_type_id":"DER:VehicleType:vw_id3","count":1}],"is_installed":true,"is_renting":true,"is_returning":true,"last_reported":1720479593},{"station_id":"DER:Station:667c024132ed8db614852e40","num_bikes_available":1,"vehicle_types_available":[{"vehicle_type_id":"DER:VehicleType:seat_cupra_born","count":1}],"is_installed":true,"is_renting":true,"is_returning":true,"last_reported":1720479593},{"station_id":"DER:Station:6685584c2f7980a2461c6fff","num_bikes_available":0,"vehicle_types_available":[],"is_installed":true,"is_renting":true,"is_returning":true,"last_reported":1720479593}]}}